age,average_mark,gender,phone_number,first_name,second_name
22,8.6,m,6246471345,Willie,Gray
25,6.09,f,8037708245,Phyllis,Deloach
20,9.31,m,8803925100,Dewey,Killingsworth
29,8.39,f,4472409941,Patricia,Daniels
19,9.63,f,5054192772,Anne,Mandrell
30,8.86,m,8643631427,Verdell,Crawford
24,5.78,m,8985151736,Mario,Lilley
25,9.01,m,8418046706,Francisco,Jones
29,4.34,m,3878412045,Donald,Laurent
27,8.11,f,4260617373,Denise,Via
19,6.65,m,4217774633,Scott,Lange
30,7.53,f,3187348469,Brenda,Silva
29,6.72,m,6196133905,James,Ross
18,7.05,f,9870085232,Kimberly,Brown
25,4.25,f,3788926313,Heather,Winnike
25,7.85,m,8087799941,Benjamin,Getty
26,9.52,f,9184878376,Linda,Crider
18,4.01,m,9385193291,Garrett,Mitchell
28,5.28,m,7881594996,Thomas,Roberts
29,9.09,f,5445933080,Pauline,Montoya
27,6.52,f,2832611556,Georgia,Wilson
23,8.09,f,3091173449,Roberta,Kelly
22,7.54,m,9441885004,Johnny,Jennings
28,4.43,f,9858901568,Sherry,Grant
29,7.55,m,6116837235,Andrew,Schmidt
20,6.49,f,7805852643,Carole,Tewani
23,6.79,f,6402881759,Linda,Miller
30,9.77,f,5120417549,Mary,Glasser
21,7.59,f,3844846365,Ruby,Greig
26,4.08,f,9241601427,Rosie,Watkins
26,6.94,f,4566942944,Wilma,Dominguez
20,9.67,m,1336752220,Daniel,Youd
24,9.92,f,5010540752,Tamara,Harris
24,9.54,m,3980798750,Arnoldo,Ewert
18,8.5,m,2813317023,John,Velazquez
30,4.15,m,6716143273,Audrey,Camille
18,6.5,f,7778623354,Helen,Klein
22,8.48,m,8439150246,Eric,Ruegg
22,5.81,f,4626337186,Vera,Charles
28,9.85,f,5459343474,Annie,Sudbeck
20,5.8,m,8255548593,Michael,Clark
30,4.17,f,3322765487,Rosa,Thomas
22,4.12,f,4921936291,Daisy,Granados
18,5.74,f,3259731324,Betty,Mabry
26,8.26,m,2965177678,Bertha,Gary
21,8.89,f,1937485306,Vickie,Laigo
24,9.07,m,7330004243,Richard,Grant
27,9.96,f,1579591606,Linda,Harrison
18,5.31,f,9490198025,Phyllis,Cole
25,7.79,m,2628214851,Devin,Spencer
28,9.94,m,6367452828,George,Guest
30,9.87,f,3832419748,Kim,Pyles
18,9.75,m,6060721336,Kristin,Dean
21,9.19,f,4236744613,Clarence,Cantu
21,4.86,m,6638426503,Kenneth,Evans
24,9.65,f,8213189156,Frank,Borgeson
24,8.42,f,6429782412,Richard,Grossman
29,4.26,m,9459978856,Ann,White
22,9.29,f,7170476576,Virginia,Harris
28,9.12,m,2512716284,Maria,Benear
30,9.47,m,2386601667,George,Leno
21,8.86,f,5901479519,Richard,Hamrick
21,9.61,f,1355189684,Tony,Engel
25,8.95,f,1561644009,Scott,Miller
29,7.8,m,1319014109,Bridget,Cotter
30,8.45,f,6033844080,Terry,Major
29,8.39,m,6998464338,Maria,Boswell
27,4.15,f,9835734824,Ronald,Oliver
20,5.64,f,9272771611,Delilah,Howard
22,5.41,f,9521972460,Jose,Paul
26,8.81,f,6714635834,Francisco,Miller
25,9.58,f,1530787539,Josephine,Perkins
28,7.04,f,5102794560,Gerald,Murray
22,6.79,f,4411222680,Janee,Bailey
30,7.6,m,9171031740,Martha,Pitcher
24,4.62,m,9600491647,Renee,Pagan
28,6.6,m,2534406642,Kenneth,Rummel
30,8.18,f,8455833783,Doretha,Ferguson
24,5.15,m,5035607898,Donald,Luevano
27,9.54,f,9628248992,Valerie,Mondragon
19,6.36,m,8511521942,Gladys,Gomez
22,4.4,m,3761455642,Christin,Cross
22,5.73,f,3216905582,Robert,Birmingham
27,6.52,f,9521614270,Willie,Eskridge
23,10.0,f,2565902390,Josephina,Medina
27,7.61,f,5455226527,Burl,Navarro
29,9.83,m,8515249026,Lila,Hill
20,9.41,m,2943201192,David,Roberts
23,8.16,f,3170373626,Travis,Rhyne
21,4.99,m,8917586650,Robert,Kirkland
24,8.33,f,3184211345,John,Torres
23,8.16,m,4352974810,Cindy,Nilson
21,4.37,f,7363981712,Steven,Lawson
23,8.91,m,6903932664,Sylvia,Kuhn
28,7.76,f,3964544530,Richard,Crawford
28,5.83,m,8582527978,Fred,Maestas
22,8.49,m,4053889089,Janie,Waterman
28,7.51,m,7361055446,Paula,Morales
27,8.47,m,4690049323,Lawrence,Bentson
18,9.71,f,8481085776,Hattie,Bramer
20,5.79,f,7527491324,Cynthia,Beegle
26,7.16,m,1088135390,Sarah,Martindale
26,6.26,m,9971448978,Shawn,Bonifacio
29,8.01,f,2696785471,Lena,Weston
23,9.65,f,8894573387,Joyce,Beatty
22,8.26,f,1117473242,Juan,Dunn
20,9.63,m,3926175413,Barry,Mckenzie
21,5.73,f,8275335634,Doris,Kuck
21,5.0,m,9274320474,Kim,Cohran
25,7.14,m,3792870221,Robert,Martin
25,9.67,f,6086595439,George,Jackson
19,7.08,m,2643419658,David,Hayden
20,4.7,f,4382915215,David,Barnas
30,9.22,f,7507862933,Amada,Duncan
28,6.82,m,9452680400,Kathryn,Harryman
26,7.02,m,3697666607,Janette,Law
21,5.36,m,3871751991,Tonja,Bull
25,6.54,m,4951632361,Alissa,Belyoussian
26,8.37,f,5939961479,Lou,Bible
18,6.26,m,3272540774,Marc,Bibbs
18,6.48,f,2473428054,Arthur,Kuhl
23,6.83,m,2205967433,Martha,Woods
20,6.36,f,2371072844,Jeffrey,Petty
21,7.81,f,8093556900,Harry,Dampeer
18,9.2,m,1415324496,Wesley,Wolf
28,7.42,f,2989222398,Elizabeth,Lowe
26,6.27,m,3086053155,Marvin,Silvas
19,7.21,m,4650519589,Donald,Hardnett
27,9.36,f,7117382608,Michael,Mcdonald
23,5.24,f,5720806238,Edna,Mahoney
18,7.98,f,4275998373,Deborah,Penn
22,4.28,m,1598503794,Ethel,Disher
23,4.31,f,1663947636,Michael,Jackson
19,6.53,m,4553855837,Kevin,Houston
28,6.57,f,5908792570,Margaret,Branstetter
27,7.35,f,2649280351,Billy,Henry
25,8.54,f,2226067563,Christopher,Mcintire
21,7.13,f,7024325621,Amy,Martin
27,5.11,f,0,Stephanie,Grose
30,8.9,f,7748321607,Deanna,Kathan
26,8.33,m,9586851860,Ann,Arteaga
29,6.27,f,2751453133,David,Goins
21,5.24,m,1465468557,Paul,Alexander
18,8.88,m,6513312189,Robert,Parker
27,6.87,m,3150920530,Patricia,York
21,4.17,f,7283192592,Donna,Baker
21,5.92,m,3572330741,Carla,Morris
27,6.59,f,1427581425,John,Hubbard
28,4.68,f,4765609498,Oscar,Linahan
30,6.75,m,8643653232,David,Cain
22,4.74,f,6074915286,Cindy,Oconnor
20,8.21,f,6802212548,Nicholas,Richter
18,8.49,f,8113443656,Faye,Roberge
21,9.9,m,7123540811,Jessica,Keenan
22,4.22,f,2837337833,Rebecca,Garcia
28,9.31,m,2331178324,Esther,Simmering
22,9.91,f,3439387543,Lou,Houston
19,4.09,f,5684472229,Rebecca,Gillies
21,8.87,m,4397956199,Philip,Urbanski
24,5.85,m,1732627003,Teresa,Perkins
25,6.74,f,3692254134,Mary,Holley
19,5.17,m,3603855902,Tricia,Davanzo
26,5.46,f,1515556786,Bridget,Mcneal
27,6.25,m,3356507802,Douglas,Holland
22,5.62,f,3785089778,Justin,Whitmer
18,6.81,f,8124620781,David,Davis
27,8.3,m,3319882395,Frances,Kerr
24,8.32,f,7919911792,Kim,Ellis
21,6.25,m,2292542271,Brian,Brown
22,8.02,m,2462460772,Monica,Lubrano
29,8.43,f,1891806268,Joyce,Skaggs
18,6.81,f,5013755047,Penelope,Fries
26,8.1,f,1926668321,Alice,Randolph
28,9.5,m,1901064305,Jeffrey,Ermitanio
27,9.36,f,3284176443,Stephanie,Davis
30,8.67,m,3942605780,John,Snow
23,8.69,f,3094925710,Barbara,Gott
19,7.66,f,8108527541,Sharon,Deleon
28,7.71,f,1513578312,Rigoberto,Wilenkin
24,5.97,f,5555294033,Mathew,Embree
27,4.85,f,9820371160,Bobby,Walker
27,8.76,f,6450568019,Jacqueline,Macias
27,8.8,m,8993127411,Benjamin,Beck
22,6.99,f,8912098676,Steve,Williams
29,9.68,m,4194911925,James,Elick
20,7.79,m,5350820614,Elva,Diaz
25,6.96,m,6928278727,Terrance,Bruce
24,8.49,f,7668430896,Mark,Pearson
28,8.1,m,6163324911,Arthur,Lowrey
18,4.67,f,1575176356,Scott,Lopez
24,8.95,m,4895740604,Hilario,Lewis
18,8.93,m,7860551543,Esther,Urbancic
20,4.9,f,5137683205,Eric,Long
18,4.48,f,6155628751,Matthew,Perry
18,5.42,f,2404354182,Lois,Alexander
28,6.26,f,2458084560,James,Brokaw
27,8.64,m,6905943011,Donald,Lewis
22,4.73,m,9363449447,Amanda,Gunderson
29,8.58,f,3836987388,Ryan,Henricks
25,5.38,m,5488764653,Michelle,Mori
22,5.69,f,3630251473,Stacy,Erickson
30,4.64,m,2660106693,Kevin,Hadley
23,4.66,f,9365700893,Daniel,Lopez
22,4.53,m,1787903577,Jose,Perez
21,9.88,f,6652883862,Nina,Earp
21,7.53,m,3184426063,Richard,Stellhorn
22,5.92,m,3083815656,Travis,Sanchez
29,4.2,m,6559226638,Earl,Anderson
21,7.73,m,1928624991,Antonio,Watts
19,7.55,f,8315423249,Katia,Cowan
29,5.97,f,7945914028,Michael,Routzahn
18,6.18,m,1200529830,Bertram,Eilerman
22,8.73,f,4801827610,Dianne,Lucero
28,4.7,f,1451913861,Barbara,Fine
25,6.18,f,6309390935,Betty,Ferreira
24,4.34,m,8911988497,Charles,Jimeson
27,4.33,f,8650710587,Marta,Wang
29,8.21,f,9506425179,Travis,Stanphill
24,6.39,m,7960263937,John,Ashley
28,7.08,m,6216083537,John,Merkel
20,9.64,f,5811179285,Josephine,Zechman
27,8.27,m,8185246853,Mark,Haven
28,7.19,f,8121435761,Carlos,London
30,7.62,f,5904982539,Annemarie,Keller
24,5.85,m,4383646111,Robert,Mccollough
21,8.63,m,2936348626,Harold,Slater
30,6.9,m,1474036692,Benjamin,Sykes
23,4.77,m,7755298230,Vickie,Potter
29,5.89,f,7089030092,Susan,Chavis
18,5.61,m,9154973745,Patricia,Robinson
21,9.62,f,1240285485,Florence,Smith
26,6.06,m,8133595468,Olimpia,Connolly
22,8.79,f,2533088871,Robert,Stehlik
24,4.15,f,7397394925,Harry,Mckenzie
23,4.44,m,7367174995,Kelly,Friel
29,8.26,f,8687487446,Therese,Butts
28,8.75,m,2493462840,Brian,Cole
30,5.07,m,3031821803,Michael,Zable
27,6.14,f,4661515224,Otis,Bubar
25,4.97,f,5724654617,John,Valdez
28,8.19,f,6108703035,Denise,Tanner
30,4.32,m,5900250929,Catherine,Wagner
22,9.9,f,9172607919,Lorenzo,Dayton
26,5.74,m,4503534380,Shelby,Martinez
25,9.67,f,8887046856,Nina,Berner
26,8.1,f,5412532497,Rachel,Bapties
18,8.03,f,5781970929,Wesley,Byron
30,9.8,f,3278860585,Gregory,Mccollum
29,9.86,f,8725649997,Diane,Brady
21,5.22,f,2736748219,Christopher,Hahn
19,4.47,m,2876952373,Dennis,Rogers
21,5.9,f,8159797523,Gerald,Hartley
23,4.32,m,2470496016,Barbara,Pagan
30,6.03,m,8441941406,Trevor,Hansen
28,7.32,f,5503498232,Don,Smith
26,6.0,m,9689601688,Thomas,Hill
29,8.47,f,8228820718,Catina,Burgin
23,7.56,f,3058473206,James,Moore
24,7.63,m,4280895148,Dorothy,Laudat
26,9.36,f,4255361362,Eloise,Griner
26,7.15,f,3933991488,Edna,Huey
24,9.01,f,7218916034,Cheryl,Bennett
29,7.87,m,2645522781,George,Woodard
28,7.63,f,2842288667,Louis,French
22,5.99,m,8032407234,Ruth,Campbell
26,5.47,f,7481477575,Anna,Johansson
30,6.47,f,5955053753,Cindy,Christiansen
23,8.28,m,6742339398,Buck,Buban
29,9.3,m,5134673020,Maria,Wolfson
21,8.27,f,2813664148,Joyce,Abernathy
20,4.88,m,2429336128,Adam,Campbell
25,6.89,f,3718033316,Astrid,Denoon
28,6.77,m,6911856214,Vera,Mcdaniel
20,7.02,f,5231226857,Teresa,Triplett
27,5.94,f,5103580062,Stacy,Dingle
30,4.16,m,9616527375,Peter,Hutchins
23,4.24,f,1896147457,Emma,Garfield
19,9.47,m,6908095723,George,Ober
21,6.84,m,2047329022,Linda,Estrada
24,9.77,f,3694724654,Jimmy,Gee
26,5.07,f,9733261655,Juanita,Kimple
24,7.88,f,5061250955,Morris,Todd
30,4.32,m,3191759798,Ruth,Minor
29,6.36,f,3060722300,Hilda,Kofford
27,5.67,m,7091741615,Jennifer,Loftus
28,6.41,f,5830308599,Kristy,Gilbert
22,8.08,f,1022454960,Juan,Wall
29,5.63,f,8080471611,Brandy,Crockett
27,5.92,f,5023959681,Stanley,Guerrero
18,5.7,f,1257371747,Kelly,Baker
29,4.34,f,6346650184,Thomas,Phelan
22,7.13,m,8094029768,Sarah,Dye
22,8.26,f,8347361340,Denise,Myers
30,7.25,m,5444857457,Wallace,Lafleur
18,9.38,m,1899945275,Esther,Yother
20,6.86,m,6760133036,Nicole,Bussman
24,5.6,f,7381033349,Edgar,Meacham
27,7.83,m,9739887983,Michael,Dorland
25,8.59,f,4852925408,Brenda,Baumgartner
30,9.93,m,4184133359,Loretta,Bonsall
18,4.08,m,4370660598,Arturo,Orange
22,7.41,f,4177814538,Larry,Sims
28,4.63,f,4244863657,Christopher,Greene
28,9.74,f,2186132916,Teresa,Owings
26,5.62,f,9037037280,Linda,Herrington
28,5.83,m,9135161116,Dora,Hass
27,5.42,m,1472718193,Joan,Bodo
21,7.04,f,3973932346,Thomas,Steel
28,4.47,m,5787047057,Walter,Musick
18,4.62,f,5874798792,Suzy,Williams
20,5.84,m,1339670546,Reginald,Wilke
30,4.74,f,3770699809,Anthony,Gunter
18,5.63,m,2891327204,Carlyn,Harris
28,8.47,f,7795287887,Elizabeth,Scharf
26,5.12,m,2718217806,Arlinda,Kierzewski
24,8.62,m,2671687276,Glenn,Herren
20,6.36,m,7873714529,Carolyn,Weiss
24,6.1,m,1085480116,Evelyn,Curles
25,6.73,f,8670521924,Kenneth,Chase
19,6.6,f,2280261982,Sue,Carlock
30,5.21,m,3921429798,Terry,Chandler
26,7.08,m,8872966898,Margaret,Fahnestock
18,7.86,f,9134407489,Terry,Dale
27,5.06,f,9521526582,Dorothy,Burke
30,9.92,f,6519749026,John,Holm
22,8.66,m,3629145826,Frederick,Teel
22,4.58,f,5566316737,Randy,Wylie
18,6.7,f,9279932013,Charles,Miller
26,6.99,m,4131805290,Leslie,Johnson
30,7.96,m,3903741325,Charlotte,Leftwich
30,4.91,f,6334596895,Donald,Colantuono
21,7.39,m,3640467833,Gina,Rice
19,4.38,f,6231793132,Ethel,Freeman
19,5.78,f,3443409616,Paul,Thrasher
21,8.43,m,4119156338,Marci,Trimble
29,4.36,m,3086168687,Lenny,Castoe
20,9.13,m,8444469436,Melissa,Wozniak
30,8.83,m,9245262659,Jan,Cunningham
23,5.17,f,7405969928,Daniel,Hoobler
21,9.46,m,5884586758,Anna,Dixon
28,6.34,f,7099825953,Xavier,Bishop
26,5.07,m,1688389364,William,Nighman
28,9.89,f,3770176538,Reinaldo,Varrone
21,5.9,f,5701949254,Gregory,Schick
25,4.68,m,1617413549,Kenneth,Water
24,5.61,f,2770707573,Ruby,Winkler
21,7.59,m,3200414043,Michael,Weaver
21,9.15,m,8915416405,Mark,Jewell
23,4.51,f,6390908574,Mary,Buchanon
25,6.19,f,4235192775,Michelle,Mayhugh
28,4.73,f,2793481194,Edna,Avery
23,5.79,m,9352063146,James,Jenkins
21,5.12,f,8626215740,Alex,Heefner
21,4.58,m,1000724312,Karen,Denny
22,7.54,f,2287924463,Matthew,Gonzales
24,8.31,f,5082711790,Linda,Quella
30,5.8,f,8511342779,Lynn,Jones
30,4.43,f,9955153368,Darryl,Sutton
28,5.78,f,6828216747,Marietta,Ward
18,9.64,f,0,Gregory,Knight
26,5.45,m,9769232017,Terri,Kelly
23,8.13,f,9784435407,Peter,Nevills
19,9.8,m,2392498362,Christopher,Ouzts
20,6.1,m,1194189988,Maxine,Zirin
20,5.34,m,6110379751,Ruth,Young
30,6.85,f,4406259577,David,Phillies
25,5.55,m,7643735344,Lisa,Sullivan
25,8.96,f,3714501740,David,Bourque
20,6.84,f,6394670868,Adrianne,Ali
27,4.16,m,2750429239,Ernest,Sommerville
21,8.39,f,4631387495,Virginia,Price
24,5.34,f,9416911316,Leon,Morgan
25,9.86,f,8226030885,William,Johnson
18,4.47,m,7427929637,Nicholas,Mathes
25,7.21,f,2986993893,Alisa,Smith
27,5.57,m,3966342284,Yolanda,Mays
24,5.91,f,5025802761,Edith,Shaffner
30,6.71,f,7317436279,William,Gonzales
23,8.14,m,8883655239,Krista,Henley
19,6.73,m,7673734832,Yvonne,King
29,6.1,f,7895745297,Laura,Hoffmann
27,9.49,m,8655394560,Raymond,Brooks
30,5.47,f,3277236159,Arthur,Loveless
30,5.97,m,3531325086,Louis,Jones
26,7.87,f,8821663281,Sabine,Smith
21,8.02,f,6342239620,David,Hill
21,6.78,m,7392766370,John,Gary
18,5.98,f,5698516124,Johnny,Huffman
18,6.78,m,9376310974,Audrey,Williams
19,8.71,m,2952943724,Kelly,Rodriguez
26,5.8,f,1923120228,Keneth,Burch
24,7.69,f,2860774101,Sean,Fox
22,8.35,f,1453937009,Jan,Leclair
22,8.85,m,6991902960,Eric,Feagin
28,8.4,f,8052461456,Armanda,Horgan
18,9.62,m,9513256556,Kenneth,Joyce
22,7.93,f,2392191422,Maria,Breton
21,5.87,f,5925999080,David,Parr
24,7.59,f,5097911445,Logan,Bartolet
29,6.88,f,1516854011,Hubert,Williams
20,9.25,f,5987752703,Linda,Foulkes
25,9.08,f,1076486217,Phyllis,Thomas
25,8.68,m,4498348274,Lucille,Berry
24,5.55,f,8118771720,Frank,Beauchesne
19,6.24,m,5193237292,Kathryn,Brown
29,6.05,m,7404690430,Marilyn,Mathews
30,8.25,m,3106225043,Tim,Moscoso
20,8.15,f,3950758033,William,Milligan
22,7.67,m,8433396833,Nicholas,Hahn
19,9.48,f,8488886550,Melinda,Ludgate
27,7.25,m,2928610654,Theodore,Yates
21,6.43,m,5716184880,Ester,Leis
27,4.19,f,3698471175,Francis,Robinson
26,8.4,f,8214812551,Tina,Bath
29,8.22,f,5210406330,Mandy,Hambric
21,4.07,f,5605993688,Jose,Martin
24,8.07,m,8364538558,Helen,Shoemake
19,4.91,m,3659995794,Richard,Castro
19,9.54,f,1423755857,Willie,Lowell
21,4.5,m,3164667409,Jennie,Ramlall
26,7.41,f,7279681979,Karen,Gavin
28,4.23,m,7147761738,Michael,Mckinnon
20,6.69,f,6664260303,Priscilla,Roper
18,4.97,m,4142696451,Jonathan,Newsome
25,6.3,f,6804892968,Anthony,Branch
30,6.59,m,9342629932,Robert,Gibson
23,4.16,m,6645483669,Thomas,Schade
27,7.6,m,6786419800,Kirby,Green
18,4.79,m,9671408409,Brian,Edwards
21,6.25,f,6588948179,Debra,Flores
21,9.12,f,7109648899,David,Macleod
30,5.88,m,8917392021,Lois,Nelsen
21,6.75,m,9572835379,Wanda,Jones
18,8.76,f,8963163467,Marsha,Robinson
28,9.94,f,3269962121,Nicole,Jeffries
24,6.25,f,7019262725,Ann,Turner
25,9.38,m,7493834558,Agnes,Warnock
21,9.53,f,6758372185,Darlene,Wertman
27,5.88,f,3162783461,Leo,Fleming
26,9.73,m,3456560109,Nicholas,Maldonado
27,7.31,m,2441909396,Lanny,Mccrary
19,5.99,f,1381241107,Lee,Walburn
20,4.33,f,6595003144,Grace,Souphom
19,8.88,m,7535449662,Thomas,Mason
23,8.5,m,5753600358,Dudley,Peterson
23,7.76,f,7059458345,Christopher,Rash
18,7.89,m,9710047249,Tracey,Kelty
22,9.87,f,6146336406,Patrick,Hickman
26,9.45,m,3833146583,Roland,Charleston
23,8.46,f,5294755465,Lucia,Sherrill
27,8.09,m,9565235663,Barbara,Buck
26,6.42,f,2671897338,Warren,Pereira
28,6.67,m,1835513317,Heather,Peterson
24,6.24,f,1261521651,Jasper,Gonzalez
29,4.53,m,4573616827,Diane,Stclair
22,7.31,m,4538153488,Dorothy,Gosnell
24,9.34,f,5143037316,Charles,Childress
23,6.11,f,2601552472,Linda,Simmons
29,5.38,m,5108690060,Todd,Netterville
25,6.83,f,9063804790,Rebecca,Lamb
23,4.52,m,8302755702,Tiffany,Erkkila
20,5.09,f,5524058697,Charles,Hooper
19,5.27,m,6770380300,Raymond,Brickey
22,4.54,f,9334149611,William,Sheehan
26,6.83,m,8996746925,Margaret,Miller
27,9.0,f,4315462116,Peggy,Rael
22,7.19,m,7508612327,Barbara,Roy
29,6.98,m,6033782688,Bernice,Adams
23,8.97,f,8120472134,Michael,Hamel
23,4.92,f,4299248125,Paul,Swasey
28,4.36,m,8541020152,Johanna,Chavez
29,6.63,f,1800645754,Gloria,Gutierrez
27,7.69,m,6797870642,Harry,Rusher
19,6.85,f,2550430621,Carlos,Mcreynolds
26,9.74,m,3460689336,Susan,Peschel
19,7.17,f,5967628086,Margaret,Mcguire
22,9.95,m,8657293427,John,Peralta
25,4.94,f,5689318693,Barbara,Brown
23,7.01,m,6403300512,Dustin,Patrick
28,8.21,m,1294038207,Brian,Vargas
25,8.9,f,3484510784,Rick,Capizzi
29,6.59,f,4554046025,Lisa,Palmieri
24,7.63,m,9855804224,Brenda,Sumter
23,4.97,f,2670507749,Laverne,Radford
21,4.08,m,4780741234,Heather,Lish
18,5.5,f,2727303328,Jeffrey,Deane
27,7.79,m,1568051977,Valerie,Woode
25,6.53,f,4682029367,Benjamin,Brown
24,6.16,m,8976662604,Timothy,Armstrong
24,7.73,f,4237432730,Krystal,Janssen
30,5.16,m,3971462425,Daniel,Bell
19,6.28,m,1942718668,George,Basil
26,8.72,f,1376613158,Lilian,Rocha
26,5.33,f,6668572724,Stanley,Jackson
30,7.31,m,6682774281,Christine,Franks
18,7.08,f,1192536959,Janelle,Vecker
19,5.24,m,5589907348,Grace,Robbins
18,8.18,f,3796164489,Joshua,Ream
20,9.18,m,5746055967,Georgia,Calaf
29,9.24,f,3448319612,Rhonda,Leona
28,5.49,m,1605409041,Charles,Schueller
26,6.95,f,9019925084,Leonor,Adams
28,9.29,m,4268696933,John,Bond
24,7.48,m,5136725913,Deirdre,Marthe
25,9.94,f,3208160557,Gene,Utley
20,9.13,f,7648178940,Lisa,Wilson
22,9.36,m,4438724682,Catherine,Kim
24,8.77,f,5526907342,Randolph,Martin
30,4.22,m,4734443418,Velma,Jobe
21,4.03,f,6818590622,Naomi,Mendosa
29,7.01,m,1134712902,William,Grove
29,5.68,f,1956933085,Sandra,Hackney
28,9.61,m,5910106973,Jennifer,Higdon
29,9.4,f,9597070848,Tina,Tidwell
30,4.06,m,3035571562,Emily,Simpson
24,4.51,m,2364676498,Frank,Rasmussen
19,6.06,f,2804548894,Lisa,Strause
30,4.61,f,2846613901,Donald,Skinner
22,8.48,m,4326736791,Robert,Jordan
24,5.83,f,4264659987,Enedina,Mcneil
18,5.46,m,3177539660,Nathaniel,Boyd
25,4.46,f,6387524184,Clyde,Huelskamp
22,6.29,m,9893607114,Lorena,Harris
25,7.2,f,7976614539,Walter,Ham
22,8.08,m,4955091482,Brian,Lee
28,9.64,f,5165985290,Jason,Page
22,5.58,m,2998614180,Deborah,Watt
28,5.5,m,8617377739,Christopher,Zupancic
22,7.12,f,2374522808,Helen,Perkins
23,7.79,f,8410757471,Nina,Aber
30,4.06,m,1718326104,Dwight,Johnson
25,8.9,f,9979361611,Allyson,Gay
24,7.61,m,3071493745,David,Propes
29,4.64,f,5192272204,Sheldon,Johnson
19,7.27,m,1341057325,Elana,Bergeron
19,7.85,f,3397102851,Lisa,Rowe
18,4.56,m,8901158371,William,Filmore
24,7.6,f,9417808695,Angela,Stultz
26,5.52,m,9347526080,John,Collins
25,4.62,m,6752943490,Thomas,Meade
20,9.85,f,8592321990,Ann,Lorenz
30,9.3,f,3846151056,Delphia,Clarke
21,4.44,m,6906098713,Richard,Allen
29,6.9,f,4620423710,Amelia,Costain
18,6.99,m,4348127536,Anisha,Bridges
20,6.42,f,9112227284,Marcus,Denson
25,5.29,m,3128099459,Almeda,Stamey
26,6.77,f,0,Cindy,Chapman
25,6.37,m,1190278798,Jadwiga,Truocchio
18,5.26,f,5780744096,Ricky,Bergman
29,4.82,m,2499232346,Jennifer,Franz
29,8.07,m,7455426068,Brenda,Painter
26,4.92,f,9042844496,Robert,Hawkins
30,6.61,f,3626135556,Johnny,Alvidrez
22,8.29,m,5188114830,Meredith,Spears
22,5.85,f,4655359627,Kevin,Walton
20,7.53,m,1027422608,Dave,White
24,4.7,f,4163928879,Timothy,Wagner
29,7.17,m,6779615779,Billie,Hodge
21,5.22,f,8556114729,Angela,Sangi
23,6.74,m,6523438732,Paula,Moore
19,5.67,f,5867329532,Harold,Aguilar
19,6.56,m,8065928425,Rocky,Brooks
29,9.5,m,2969201417,Rachel,Smith
18,4.24,f,6509250324,Barbara,Harry
25,5.95,f,4056887917,Vicki,Ricker
19,7.24,m,6306627501,Terry,Carlyle
30,6.67,f,1407138614,Leslie,Hamlin
20,7.1,m,2765009307,Eugene,Bunting
25,4.02,f,3846920777,Bryan,Hickerson
19,8.13,m,8995947104,Amanda,James
21,7.25,f,8982295271,Steven,Ball
26,6.42,m,4538200372,George,Surratt
22,7.11,f,7754525835,Adriana,Johnson
27,6.51,m,5856918824,Rachel,Russell
18,4.83,m,9088131461,Rebecca,Cully
29,7.16,f,1235994099,Nancy,Landrum
25,9.4,f,6955840571,Elizabeth,Howard
18,5.68,m,9435877050,Clifford,Perkins
24,4.9,f,8646105133,Jonathan,Koester
27,9.43,m,2240617956,Dona,Chambers
26,7.83,f,5828114788,Sandra,Schmiedeskamp
22,5.75,m,9052051834,Viola,Bailey
24,9.97,f,2842343921,Joseph,Head
30,9.94,m,7812394234,Wesley,Bouyer
19,9.99,f,8992687465,Teresa,Jones
24,8.54,m,1853653494,Michael,Ginn
21,4.34,m,3170049937,Rebecca,Imfeld
29,7.96,f,5295586577,Cynthia,Tippins
22,7.49,f,5824813778,Inez,Johnson
18,4.41,m,9144005539,Beverly,Hertzler
21,9.21,f,6583094245,Helen,Gloor
21,7.26,m,7623058981,Gail,Monahan
20,5.77,f,2323780970,Marla,Dodson
22,4.37,m,9040302633,Adele,Deemer
20,8.18,f,5337490893,Jim,Smith
22,4.23,m,1949479163,Julian,Gutierrez
29,6.15,f,8347472533,Anna,Payne
29,4.13,m,6537801128,James,Pratka
26,9.64,m,9193747349,Sheila,Linn
18,8.84,f,5435773946,Delphine,Yousef
25,4.35,f,6605704963,Gwendolyn,Alvarez
19,9.64,m,6698279832,Howard,Holloway
19,7.58,f,2719933925,Harry,Hanson
22,4.72,m,2622402706,Bobby,Shelton
22,5.16,f,8278337743,Sara,Wood
29,5.24,m,4206701798,Michael,Toller
18,7.62,f,5503934017,Lisa,Glover
24,6.02,m,2799009428,Robert,Figueroa
21,6.98,f,4246604933,Margery,Turner
23,8.56,m,4147758794,Ladonna,Guinyard
25,9.43,m,2766401127,Anthony,Sobus
28,5.32,f,3481731672,Patrick,Ruiz
20,6.31,f,3827776045,Victor,Santiago
30,4.19,m,8938411383,Harry,Wages
24,8.33,f,4553390726,Celeste,Pope
28,8.83,m,5243245921,Royce,Hale
21,6.3,f,4346290906,Marie,Powell
26,5.29,m,5624065499,Eva,Buske
26,7.25,f,8136765697,Mary,Ortiz
21,8.56,m,3485626306,Edward,Williams
27,5.99,f,9638896438,William,Moore
30,7.9,m,6076211912,Robert,Jackson
20,6.64,m,1706913029,Jocelyn,Jensen
26,5.82,f,3473896030,Clayton,Williams
19,9.45,f,6200777239,Melinda,Bass
18,5.83,m,7220728683,Salvador,Kinney
27,5.74,f,4089749179,Patrick,Rios
23,6.43,m,9372950474,Janice,Smith
26,9.55,f,5588226351,Wilhelmina,Collins
25,6.26,m,8892206859,Mary,Skeesick
22,9.11,f,5667409661,David,Diaz
27,9.8,m,8273110335,Maritza,Evans
30,8.45,f,1119470053,Samuel,Regan
24,8.58,m,5010974948,Richard,Madden
21,6.67,m,6940175600,Bertha,Boyd
19,5.88,f,4037257625,Travis,Gutierrez
20,7.74,f,4973382016,Lisa,Bernier
24,7.21,m,1326543221,Willie,Keith
21,5.54,f,6408656945,Micheal,Scott
19,5.9,m,2737257956,Norma,Dixon
22,6.66,f,2029144148,Angel,Rhoades
27,4.22,m,9334064242,May,Avent
25,4.44,f,2740711529,Thad,Banks
22,5.2,m,6766410107,Marlene,Leonard
23,7.37,f,7992854148,Cora,Fahey
26,8.6,m,4501571998,Bessie,Trivedi
30,6.31,m,2300883384,Harold,Delgado
22,8.27,f,8836198773,Nicole,Larkin
20,6.99,m,4246423091,Henry,Ferrell
27,7.29,f,3581553941,Holly,White
26,5.82,m,2039546826,Ryan,Digeorgio
20,7.22,f,2424741486,Floyd,Anderson
28,4.58,m,2563572147,Robert,Cahill
24,9.77,f,9561507153,Lori,Villegas
30,6.87,m,7944019557,Jennifer,Maxie
30,7.0,f,1162051813,Cindy,Frazier
18,7.09,m,4057889690,Jerome,Harper
19,9.31,m,8201461564,Christopher,Luna
20,8.7,f,7775329287,David,Valdez
28,4.15,f,2593679674,Ted,Anderson
18,4.53,m,9865628308,Marie,Marn
18,5.98,f,6650002050,James,Doyle
29,5.0,m,3404464096,Jerry,Pinner
19,8.18,f,4155685133,Eileen,Fata
21,8.49,m,5789010720,Gary,Simmons
29,5.16,f,1959239683,Willie,Haven
29,8.28,m,6701758625,John,Meyer
25,8.96,f,7426145071,Leola,Murphy
23,5.73,m,1862125804,Nina,Baker
30,7.64,m,3255126812,Edwin,Zeger
24,6.81,f,8662194481,Mildred,Perkins
26,8.31,f,1431115377,Yong,Reaid
28,8.42,m,2180124274,Lynn,Walker
19,7.55,f,7836628812,Jason,Yates
29,4.08,m,4131705340,Cedric,Wallace
21,4.15,f,4178469668,Anne,Reedy
26,6.0,m,5864332206,Ricky,Tetreault
22,6.69,f,5227677140,Gary,Littleton
28,6.52,m,4672906991,Brian,Deubler
29,6.69,f,4147674984,Adrian,Colvin
21,7.5,m,5080078771,Eleanor,Schroder
28,6.89,m,4291479138,Jean,Gethers
23,8.1,f,4837700669,Matthew,Kim
19,4.71,f,3302618490,Jennifer,Mclean
25,9.68,m,5047503515,Jesus,Weckerly
20,4.94,f,2620759563,Michael,Boyd
28,6.47,m,7030723008,Michael,Chavarria
30,7.15,f,7934074816,Sydney,Anderson
28,6.29,m,6021732188,William,Julius
19,6.99,f,8705815896,Richard,Meza
28,7.13,m,9174568489,Katherine,Roche
22,6.28,f,6406465534,Jacob,Figgs
29,4.32,m,6232569893,Thomas,Weimer
19,5.99,m,2408777774,Willie,Mcgurk
28,7.51,f,6337192383,Minnie,Cook
21,8.69,f,2441277053,Loretta,Molina
24,4.44,m,4865546348,James,Harris
21,5.78,f,5457961770,John,Lyons
21,7.61,m,7437856678,Annie,Krings
19,4.73,f,2355686657,Carrie,Ontiveros
24,4.55,m,7790407831,Marie,Clausen
23,5.55,f,2218231662,Robert,Hung
23,6.91,m,1001313615,Wesley,Shah
30,6.66,f,5100064318,Frank,Lopez
25,7.12,m,3272239171,Albert,Coral
22,4.83,m,8573338619,Kristine,Harvey
29,8.29,f,8489352604,Arlene,Bauer
23,9.86,f,8182123647,Connie,Figueroa
27,4.48,m,9241523288,Tom,Bishop
19,5.6,f,8180553130,James,Harrison
30,5.88,m,6446748992,Sheila,Stier
26,9.45,f,7454122966,Pearl,Mckenna
25,7.92,m,6819050479,Casey,Williams
26,4.48,f,1393070425,Yvette,Heard
28,4.97,m,2808010673,Paul,Paneto
18,7.78,f,1402552228,Christopher,Iniguez
29,5.37,m,3728837413,Sheila,Hudson
21,5.97,m,6829077220,Marilyn,Sexton
28,5.47,f,3725281424,Eric,Marchetti
26,7.59,f,9299304063,Veronica,Benz
24,8.8,m,1563120336,Mackenzie,Horta
23,7.64,f,6825388380,Nellie,Cunningham
28,8.89,m,4863752414,Teresa,Valiente
29,8.75,f,9512409690,Kate,Pospicil
27,5.51,m,2093454744,Lawrence,Mccullough
23,7.27,f,2138488344,Robert,Hannan
18,5.05,m,6280318828,Paul,Miyoshi
18,7.68,f,6030306365,Rebekah,Leonardo
26,4.7,m,6045392408,Lillian,Sanders
21,5.76,m,3916950593,Russell,Tran
30,6.28,f,8255092315,Charles,Fletcher
18,7.47,f,3552477641,Sibyl,Barthelemy
23,4.02,m,8461133510,Trena,Head
25,4.2,f,4477737533,Tracy,Hogan
24,5.07,m,4382910825,Christopher,Scott
19,6.97,f,7392390679,Peter,Langenfeld
21,7.37,m,3440663123,Sara,Miller
20,9.37,f,9915284443,Flora,Allen
27,8.94,m,2501602577,Sarah,Figueiredo
21,9.74,f,2414814682,Ronald,Gotay
22,8.68,m,4583928253,Maryanne,White
28,6.84,m,1438441756,Bettie,Illsley
19,5.1,f,2479891776,Margaret,Eychaner
22,5.81,f,8089930673,Frank,Stevens
19,5.69,m,3092934433,Anthony,Huie
20,7.13,f,4765956994,Jason,Wainwright
18,9.21,m,7628409758,Kenneth,Robles
27,7.81,f,1493009763,Chad,Barnes
29,4.03,m,8344572075,Kelly,Holcomb
28,4.1,f,6023266391,Ruby,Astin
20,5.71,m,4943918508,Laurie,Marshall
20,8.14,f,6720605212,Melanie,Kath
26,9.98,m,4937209371,Jessica,Dubose
25,9.36,m,1565315441,George,Wofford
23,4.1,f,7497695061,Elizabeth,Hollyday
29,5.5,f,3757324452,Gloria,Gilreath
24,4.43,m,5136064382,Kathleen,Pruitt
20,6.95,f,7711221884,James,Bohman
28,4.88,m,8594087795,John,Ferreira
28,5.82,f,1722235319,Everett,Mccollough
21,4.47,m,6054489709,Phyliss,Wood
22,5.31,f,1448486459,Jamie,Wood
30,8.17,m,7446074621,Ralph,Finwall
30,6.29,f,4522424663,Florence,Lile
22,9.52,m,7882459973,Geraldine,Nelson
27,9.74,m,8471562466,Robin,Santiago
18,9.49,f,7530478257,Maureen,Daugherty
28,7.05,f,7430443904,Matthew,Grogan
25,9.54,m,6007147768,James,Ryan
24,4.82,f,1906836425,Brian,Christiansen
21,9.7,m,8011674096,Sondra,Bui
21,7.6,f,5552812477,Janice,Luna
20,9.08,m,7136315264,Roger,Felton
28,9.96,f,6647432642,Gregory,Harris
22,5.3,m,5300302769,Jewell,Pate
22,8.9,f,8244964743,Antionette,Blaydes
23,8.22,m,7368673296,Lisa,Harrison
24,4.15,m,5969339507,Avery,Chestnut
29,9.9,f,1695060535,Alfred,Mendez
20,7.7,f,7283254060,Loretta,Sullivan
22,6.28,m,8025678920,Matthew,Fischer
19,5.32,f,6897046219,Fred,Mckane
30,9.48,m,7299902800,Aaron,Netolicky
22,6.4,f,4474641608,Mark,Phillips
19,5.2,m,3257609054,Curtis,Aiello
29,9.24,f,5662722240,Karen,Spalding
18,7.66,m,8054344333,Angelita,Williamson
22,5.52,f,3813216151,Rita,Peterson
18,9.05,m,6693789741,William,Childs
26,5.33,m,7149967396,Jackie,Hummel
28,6.21,f,6154153254,Lance,Cainne
22,7.15,f,4022840182,James,Moore
22,5.03,m,2740229616,Bambi,Sholders
24,6.44,f,6797068026,Pamela,Collins
26,5.99,m,4711467335,John,Gray
30,4.37,f,1498392761,Cynthia,Greene
20,6.25,m,3345774226,Lori,Hennemann
23,4.82,f,3255880745,Thomas,Scruggs
20,4.15,m,9411242747,Hattie,Dougherty
28,7.39,f,7928995530,Justin,Mckenney
28,9.87,m,2145069774,Mark,Shippey
19,4.11,m,3177742111,George,Berti
29,9.19,f,1980649526,Sheila,Miranda
19,5.55,f,4268565236,Gloria,Kline
18,4.24,m,5448557709,Ardith,Thomas
24,6.08,f,2710762578,Raymond,Gagnon
20,6.97,m,5774761163,Pamela,Goehner
27,5.56,f,5822164066,Julia,Jackson
29,5.03,m,5821433089,Jan,Arndt
29,6.2,f,3839964962,James,Rivera
24,4.31,m,9985176612,Jennifer,Dullea
21,9.02,f,3866253021,Laura,Norris
19,9.72,m,7361490231,Amy,Marshall
26,6.5,m,4483062912,Todd,Wayman
29,8.36,f,1510105953,Louis,Parson
24,4.08,f,4619654365,Charles,Hawley
25,5.14,m,9532687307,Tammy,Munday
20,9.64,f,3332736091,Dawn,Oconor
27,5.46,m,7482471905,Ila,Tobin
22,9.37,f,8734921783,Gloria,Gaffney
20,4.38,m,3078602570,Francis,Fletcher
29,9.07,f,8240444677,Tammy,Perry
26,5.26,m,4469018423,Robert,Carrera
24,4.94,f,5854265358,Sharron,Ellis
26,9.59,m,2218614971,Sheila,Taylor
22,7.86,m,4002717847,Richard,Eaddy
28,7.46,f,1457322664,Billy,Chrisman
23,9.13,f,8263777271,Dorothy,Daugherty
29,7.21,m,4015649673,Paul,Colon
30,4.81,f,3159561273,Justin,Mann
29,6.33,m,4089947541,Michelle,Torres
28,6.59,f,4262304061,Timothy,Mercado
25,8.15,m,5726958853,Christopher,Frank
18,8.86,f,2194063619,Johnnie,Evans
18,7.11,m,5675864879,Jean,Carter
22,6.88,f,9905290538,Matthew,Mcdearmont
30,4.86,m,0,Dorothy,Yeager
24,6.86,m,1165642564,Ruth,Rhodes
25,6.07,f,3897847462,James,Powers
29,5.27,f,7560844456,Nell,Dyson
27,6.71,m,5673968815,Edward,Bailey
23,6.92,f,5616277591,Diana,Patton
19,9.27,m,4989797398,Barbara,Copeland
30,4.0,f,9662712410,Clarence,Cerverizzo
20,6.62,m,3784462119,Daniel,Lloyd
24,4.25,f,7783085660,Jeffrey,Maxcy
20,7.28,m,2941843944,Brian,Heidinger
23,6.78,f,3191761707,Howard,Haitz
27,8.85,m,8197773860,Barbara,Leroy
26,5.97,m,3634140865,Doris,Scantling
24,5.54,f,5826464051,Richard,Caruthers
27,4.56,f,6769669650,Mabel,Dorch
27,9.08,m,2803709571,Yolanda,Conner
26,7.99,f,3833060094,Susan,Haley
22,4.09,m,6887681779,Brenda,Scott
24,9.48,f,2407940126,George,Lawless
18,9.99,m,6846142524,Richard,Snider
29,7.92,f,4106348755,Florence,Sooter
19,5.1,m,2956517523,Ann,Sorensen
24,7.95,f,9087984691,Debbie,Feazel
22,5.42,m,5431270645,Blaine,Gust
21,9.62,m,8593624176,Gerald,Gomez
25,9.46,f,7385434807,Daniel,Wilson
28,5.96,f,6941071900,George,Lapointe
28,5.92,m,7260144105,Brian,Darrow
27,5.1,f,8527511967,Edward,Jarvie
26,7.67,m,2637483672,John,Paolucci
20,5.94,f,4273250935,Don,Dryden
29,4.54,m,4369797942,Tonya,Sculley
27,5.14,f,3536615413,William,Erling
26,9.59,m,1756393633,Annie,Maddox
19,7.58,f,1772424730,James,Purcell
26,9.03,m,4413415262,Theresa,Morgan
27,5.96,m,1627824854,Sean,Dieteman
19,5.89,f,6287319983,Joyce,Robison
23,7.82,f,6331317207,Larissa,Stalling
23,6.96,m,5910486368,Thomas,Ramos
29,4.65,f,4861580895,Kimberly,Tarver
30,4.43,m,9706166191,Louie,Unrein
27,8.19,f,9296763294,Miguel,Bertalan
29,6.69,m,8905632446,Brian,Perkins
24,8.6,f,3895052467,Brittney,Muller
19,6.92,m,5623386200,Terry,Gillikin
25,4.36,f,9848577659,Lela,Sanders
30,8.17,m,1461611987,Herman,Mcavoy
21,6.82,m,6236345009,Robert,Ange
21,6.33,f,6336807454,Stephanie,Ramirez
25,9.62,f,7686766980,Noah,Minton
24,6.47,m,2563071916,Cynthia,Wood
28,6.82,f,8081104669,Sue,Mahon
25,5.33,m,7194800388,Lisa,Robards
28,8.42,f,1726510272,John,Jones
26,9.39,m,8212575376,Roger,Williams
20,9.29,f,2454362180,Thomas,Black
23,5.66,m,4447089849,Leonore,Mcmillian
19,7.76,f,8274835045,Betty,Mccoy
21,5.0,m,6097032255,Janice,Sousa
24,8.7,m,9386492012,Emma,Mottillo
19,6.24,f,5852363574,Kristi,Swanson
27,8.44,f,4527243891,Ann,Eaton
28,6.54,m,5600323603,Olive,Williams
27,8.65,f,9519917170,Paul,Rio
26,6.6,m,3126268664,Earl,Horan
25,8.06,f,9500889162,Linda,Mckoy
23,5.38,m,3977092044,Kevin,Brown
26,7.07,f,6083875093,Jack,Meza
28,7.27,m,1293494594,Joe,Smith
19,8.12,m,7645144218,Don,Knox
26,6.3,f,8520400613,Teresa,Robotham
21,7.26,f,2042904150,Maryjane,Shafer
24,5.14,f,1648650554,Estella,Neubauer
25,9.95,f,7315700843,Cassandra,Maldonado
26,4.03,f,5079480598,Sherry,Bean
23,8.03,m,7245566339,Leonard,Jackson
19,5.35,m,5237909327,James,Mills
19,6.44,f,9133964072,Kristen,Keri
28,4.93,m,1748313049,Angelo,Landrum
22,4.18,f,3045049609,Dora,Swarr
20,6.12,f,8242180850,Diane,Laird
27,4.84,m,6944564683,Darren,Charbonneau
28,5.43,f,2342775196,Barbara,Lambert
30,5.81,m,4816255420,Mark,Waits
19,5.76,f,6303405298,Ann,Mondragon
23,5.51,f,3655711518,Michelle,Oneal
25,9.82,m,3625729887,Carl,Campbell
27,4.55,m,5787058556,Alice,Digangi
30,9.64,m,8438794356,Frances,Nez
24,8.96,m,6953801751,Amber,Wilson
27,4.26,f,3159069766,Maria,Ceraos
29,4.33,m,3130592191,Jennifer,Turner
29,5.43,f,5101172539,Larry,Smith
28,9.07,m,9999049985,Daniel,Dumar
22,6.04,f,3212002238,Mary,Macdonald
29,6.35,f,5541879822,Johnnie,Yepez
20,7.76,m,3604722993,Stella,Hallmark
27,4.87,f,4752059136,Jimmy,Dunnaway
23,7.34,m,6063998094,Hilda,Bohlke
18,8.81,m,3421000522,Robert,Maines
19,8.86,f,9073263698,Richard,Shackleford
24,8.83,f,7202689927,Shane,Machesky
18,7.97,f,7990739598,Rodolfo,Maldonado
29,4.52,m,4451079210,Connie,Butler
19,9.28,f,8203852661,Michael,Kath
21,7.71,m,1634320275,Josephine,Newbury
24,8.0,f,5940294729,Martha,Burton
24,8.18,f,9608098980,Evelyn,Johnson
27,8.84,f,5396403991,Renee,Munn
29,7.99,f,7243833251,Brenna,Szymansky
29,8.46,f,8617499005,Luz,Roseboro
28,9.98,f,8488429845,Heather,Garcia
26,5.05,m,9021012395,Anita,Tudor
30,9.1,f,6652129046,Eddie,Shiels
24,7.35,m,1131993455,Edwin,Broadwell
22,8.88,m,1001615970,Corinne,Hamblin
24,7.87,m,7760454105,Connie,Berry
22,4.37,f,4498608412,Larry,Fields
18,9.29,m,3240524549,Amber,Wallin
27,4.48,f,2591481797,Richard,Somers
27,7.52,m,3585955785,Steve,Williams
30,9.91,m,5542802143,Lee,Davis
21,9.25,f,2153182747,Alice,Hudson
29,7.02,f,2718015895,Elissa,Sinclair
21,5.13,f,6604409979,Anita,Mcpherson
30,9.15,f,4547964732,Jackie,Johnson
30,7.52,m,0,Howard,Smoot
28,7.91,m,1121824341,Robert,Gonzalez
21,5.72,f,4669747908,Leticia,Wright
24,6.19,m,1041025345,Carl,Olson
19,4.54,f,8209782923,Evelyn,Daniels
25,4.39,m,5334973696,Robert,Hatley
29,4.5,f,9452816614,Kelly,Stewart
18,7.63,m,3029672558,Logan,Pruitt
30,6.13,f,8037505989,Tammy,Wong
24,9.51,m,3224784364,Henry,Quinton
30,4.76,m,9792395707,Stanley,Monteleone
28,9.4,m,3074548655,Harry,Neher
23,7.23,m,2168085069,Jason,Rossetti
26,5.36,f,5652613487,Emma,Marcus
18,6.88,f,2204191935,Lindsey,Cummings
25,5.41,m,7690515806,Miguel,Guinn
27,5.65,m,3862376667,James,Herring
21,7.86,f,5316844098,Glenda,Cisneros
29,9.43,f,8493206418,Gladys,Purdom
25,6.85,f,4021796220,Marjorie,Rapelyea
30,6.78,m,8298886039,Malcolm,Smith
19,8.73,f,1736923449,Erica,Broussard
19,7.36,f,9575967989,Emma,Mcbride
18,7.27,m,7874957483,Raymond,Soileau
30,7.19,m,3151883595,Rikki,Gomes
29,6.4,m,9640849278,Thomas,Spaur
29,8.41,m,1578904865,Gabrielle,Szmidt
24,7.66,m,6033718081,Justin,Gonzales
